[
  {"id":"nba-boston-celtics","name":"Boston Celtics","shortName":"Celtics","mascot":"Celtics","league":"nba","level":"major","conference":"Eastern","division":"Atlantic","sport":"basketball","city":"Boston","state":"MA","primaryColor":"#007A33","secondaryColor":"#BA9653"},
  {"id":"nba-brooklyn-nets","name":"Brooklyn Nets","shortName":"Nets","mascot":"Nets","league":"nba","level":"major","conference":"Eastern","division":"Atlantic","sport":"basketball","city":"Brooklyn","state":"NY","primaryColor":"#000000","secondaryColor":"#FFFFFF"},
  {"id":"nba-new-york-knicks","name":"New York Knicks","shortName":"Knicks","mascot":"Knicks","league":"nba","level":"major","conference":"Eastern","division":"Atlantic","sport":"basketball","city":"New York","state":"NY","primaryColor":"#006BB6","secondaryColor":"#F58426"},
  {"id":"nba-philadelphia-76ers","name":"Philadelphia 76ers","shortName":"76ers","mascot":"76ers","league":"nba","level":"major","conference":"Eastern","division":"Atlantic","sport":"basketball","city":"Philadelphia","state":"PA","primaryColor":"#006BB6","secondaryColor":"#ED174C"},
  {"id":"nba-toronto-raptors","name":"Toronto Raptors","shortName":"Raptors","mascot":"Raptors","league":"nba","level":"major","conference":"Eastern","division":"Atlantic","sport":"basketball","city":"Toronto","state":"ON","primaryColor":"#CE1141","secondaryColor":"#000000"},
  {"id":"nba-chicago-bulls","name":"Chicago Bulls","shortName":"Bulls","mascot":"Bulls","league":"nba","level":"major","conference":"Eastern","division":"Central","sport":"basketball","city":"Chicago","state":"IL","primaryColor":"#CE1141","secondaryColor":"#000000"},
  {"id":"nba-cleveland-cavaliers","name":"Cleveland Cavaliers","shortName":"Cavs","mascot":"Cavaliers","league":"nba","level":"major","conference":"Eastern","division":"Central","sport":"basketball","city":"Cleveland","state":"OH","primaryColor":"#860038","secondaryColor":"#041E42"},
  {"id":"nba-detroit-pistons","name":"Detroit Pistons","shortName":"Pistons","mascot":"Pistons","league":"nba","level":"major","conference":"Eastern","division":"Central","sport":"basketball","city":"Detroit","state":"MI","primaryColor":"#C8102E","secondaryColor":"#1D42BA"},
  {"id":"nba-indiana-pacers","name":"Indiana Pacers","shortName":"Pacers","mascot":"Pacers","league":"nba","level":"major","conference":"Eastern","division":"Central","sport":"basketball","city":"Indianapolis","state":"IN","primaryColor":"#002D62","secondaryColor":"#FDBB30"},
  {"id":"nba-milwaukee-bucks","name":"Milwaukee Bucks","shortName":"Bucks","mascot":"Bucks","league":"nba","level":"major","conference":"Eastern","division":"Central","sport":"basketball","city":"Milwaukee","state":"WI","primaryColor":"#00471B","secondaryColor":"#EEE1C6"},
  {"id":"nba-atlanta-hawks","name":"Atlanta Hawks","shortName":"Hawks","mascot":"Hawks","league":"nba","level":"major","conference":"Eastern","division":"Southeast","sport":"basketball","city":"Atlanta","state":"GA","primaryColor":"#E03A3E","secondaryColor":"#C1D32F"},
  {"id":"nba-charlotte-hornets","name":"Charlotte Hornets","shortName":"Hornets","mascot":"Hornets","league":"nba","level":"major","conference":"Eastern","division":"Southeast","sport":"basketball","city":"Charlotte","state":"NC","primaryColor":"#1D1160","secondaryColor":"#00788C"},
  {"id":"nba-miami-heat","name":"Miami Heat","shortName":"Heat","mascot":"Heat","league":"nba","level":"major","conference":"Eastern","division":"Southeast","sport":"basketball","city":"Miami","state":"FL","primaryColor":"#98002E","secondaryColor":"#F9A01B"},
  {"id":"nba-orlando-magic","name":"Orlando Magic","shortName":"Magic","mascot":"Magic","league":"nba","level":"major","conference":"Eastern","division":"Southeast","sport":"basketball","city":"Orlando","state":"FL","primaryColor":"#0077C0","secondaryColor":"#C4CED4"},
  {"id":"nba-washington-wizards","name":"Washington Wizards","shortName":"Wizards","mascot":"Wizards","league":"nba","level":"major","conference":"Eastern","division":"Southeast","sport":"basketball","city":"Washington","state":"DC","primaryColor":"#002B5C","secondaryColor":"#E31837"},
  {"id":"nba-denver-nuggets","name":"Denver Nuggets","shortName":"Nuggets","mascot":"Nuggets","league":"nba","level":"major","conference":"Western","division":"Northwest","sport":"basketball","city":"Denver","state":"CO","primaryColor":"#0E2240","secondaryColor":"#FEC524"},
  {"id":"nba-minnesota-timberwolves","name":"Minnesota Timberwolves","shortName":"Wolves","mascot":"Timberwolves","league":"nba","level":"major","conference":"Western","division":"Northwest","sport":"basketball","city":"Minneapolis","state":"MN","primaryColor":"#0C2340","secondaryColor":"#236192"},
  {"id":"nba-oklahoma-city-thunder","name":"Oklahoma City Thunder","shortName":"Thunder","mascot":"Thunder","league":"nba","level":"major","conference":"Western","division":"Northwest","sport":"basketball","city":"Oklahoma City","state":"OK","primaryColor":"#007AC1","secondaryColor":"#EF6100"},
  {"id":"nba-portland-trail-blazers","name":"Portland Trail Blazers","shortName":"Blazers","mascot":"Trail Blazers","league":"nba","level":"major","conference":"Western","division":"Northwest","sport":"basketball","city":"Portland","state":"OR","primaryColor":"#E03A3E","secondaryColor":"#000000"},
  {"id":"nba-utah-jazz","name":"Utah Jazz","shortName":"Jazz","mascot":"Jazz","league":"nba","level":"major","conference":"Western","division":"Northwest","sport":"basketball","city":"Salt Lake City","state":"UT","primaryColor":"#002B5C","secondaryColor":"#00471B"},
  {"id":"nba-golden-state-warriors","name":"Golden State Warriors","shortName":"Warriors","mascot":"Warriors","league":"nba","level":"major","conference":"Western","division":"Pacific","sport":"basketball","city":"San Francisco","state":"CA","primaryColor":"#1D428A","secondaryColor":"#FFC72C"},
  {"id":"nba-la-clippers","name":"LA Clippers","shortName":"Clippers","mascot":"Clippers","league":"nba","level":"major","conference":"Western","division":"Pacific","sport":"basketball","city":"Inglewood","state":"CA","primaryColor":"#C8102E","secondaryColor":"#1D428A"},
  {"id":"nba-los-angeles-lakers","name":"Los Angeles Lakers","shortName":"Lakers","mascot":"Lakers","league":"nba","level":"major","conference":"Western","division":"Pacific","sport":"basketball","city":"Los Angeles","state":"CA","primaryColor":"#552583","secondaryColor":"#FDB927"},
  {"id":"nba-phoenix-suns","name":"Phoenix Suns","shortName":"Suns","mascot":"Suns","league":"nba","level":"major","conference":"Western","division":"Pacific","sport":"basketball","city":"Phoenix","state":"AZ","primaryColor":"#1D1160","secondaryColor":"#E56020"},
  {"id":"nba-sacramento-kings","name":"Sacramento Kings","shortName":"Kings","mascot":"Kings","league":"nba","level":"major","conference":"Western","division":"Pacific","sport":"basketball","city":"Sacramento","state":"CA","primaryColor":"#5A2D81","secondaryColor":"#63727A"},
  {"id":"nba-dallas-mavericks","name":"Dallas Mavericks","shortName":"Mavs","mascot":"Mavericks","league":"nba","level":"major","conference":"Western","division":"Southwest","sport":"basketball","city":"Dallas","state":"TX","primaryColor":"#00538C","secondaryColor":"#002B5E"},
  {"id":"nba-houston-rockets","name":"Houston Rockets","shortName":"Rockets","mascot":"Rockets","league":"nba","level":"major","conference":"Western","division":"Southwest","sport":"basketball","city":"Houston","state":"TX","primaryColor":"#CE1141","secondaryColor":"#000000"},
  {"id":"nba-memphis-grizzlies","name":"Memphis Grizzlies","shortName":"Grizzlies","mascot":"Grizzlies","league":"nba","level":"major","conference":"Western","division":"Southwest","sport":"basketball","city":"Memphis","state":"TN","primaryColor":"#5D76A9","secondaryColor":"#12173F"},
  {"id":"nba-new-orleans-pelicans","name":"New Orleans Pelicans","shortName":"Pelicans","mascot":"Pelicans","league":"nba","level":"major","conference":"Western","division":"Southwest","sport":"basketball","city":"New Orleans","state":"LA","primaryColor":"#0C2340","secondaryColor":"#C8102E"},
  {"id":"nba-san-antonio-spurs","name":"San Antonio Spurs","shortName":"Spurs","mascot":"Spurs","league":"nba","level":"major","conference":"Western","division":"Southwest","sport":"basketball","city":"San Antonio","state":"TX","primaryColor":"#C4CED4","secondaryColor":"#000000"},

  {"id":"nfl-buffalo-bills","name":"Buffalo Bills","shortName":"Bills","mascot":"Bills","league":"nfl","level":"major","conference":"AFC","division":"East","sport":"football","city":"Orchard Park","state":"NY","primaryColor":"#00338D","secondaryColor":"#C60C30"},
  {"id":"nfl-miami-dolphins","name":"Miami Dolphins","shortName":"Dolphins","mascot":"Dolphins","league":"nfl","level":"major","conference":"AFC","division":"East","sport":"football","city":"Miami Gardens","state":"FL","primaryColor":"#008E97","secondaryColor":"#FC4C02"},
  {"id":"nfl-new-england-patriots","name":"New England Patriots","shortName":"Patriots","mascot":"Patriots","league":"nfl","level":"major","conference":"AFC","division":"East","sport":"football","city":"Foxborough","state":"MA","primaryColor":"#002244","secondaryColor":"#C60C30"},
  {"id":"nfl-new-york-jets","name":"New York Jets","shortName":"Jets","mascot":"Jets","league":"nfl","level":"major","conference":"AFC","division":"East","sport":"football","city":"East Rutherford","state":"NJ","primaryColor":"#125740","secondaryColor":"#000000"},
  {"id":"nfl-baltimore-ravens","name":"Baltimore Ravens","shortName":"Ravens","mascot":"Ravens","league":"nfl","level":"major","conference":"AFC","division":"North","sport":"football","city":"Baltimore","state":"MD","primaryColor":"#241773","secondaryColor":"#000000"},
  {"id":"nfl-cincinnati-bengals","name":"Cincinnati Bengals","shortName":"Bengals","mascot":"Bengals","league":"nfl","level":"major","conference":"AFC","division":"North","sport":"football","city":"Cincinnati","state":"OH","primaryColor":"#FB4F14","secondaryColor":"#000000"},
  {"id":"nfl-cleveland-browns","name":"Cleveland Browns","shortName":"Browns","mascot":"Browns","league":"nfl","level":"major","conference":"AFC","division":"North","sport":"football","city":"Cleveland","state":"OH","primaryColor":"#311D00","secondaryColor":"#FF3C00"},
  {"id":"nfl-pittsburgh-steelers","name":"Pittsburgh Steelers","shortName":"Steelers","mascot":"Steelers","league":"nfl","level":"major","conference":"AFC","division":"North","sport":"football","city":"Pittsburgh","state":"PA","primaryColor":"#FFB612","secondaryColor":"#101820"},
  {"id":"nfl-houston-texans","name":"Houston Texans","shortName":"Texans","mascot":"Texans","league":"nfl","level":"major","conference":"AFC","division":"South","sport":"football","city":"Houston","state":"TX","primaryColor":"#03202F","secondaryColor":"#A71930"},
  {"id":"nfl-indianapolis-colts","name":"Indianapolis Colts","shortName":"Colts","mascot":"Colts","league":"nfl","level":"major","conference":"AFC","division":"South","sport":"football","city":"Indianapolis","state":"IN","primaryColor":"#002C5F","secondaryColor":"#A2AAAD"},
  {"id":"nfl-jacksonville-jaguars","name":"Jacksonville Jaguars","shortName":"Jaguars","mascot":"Jaguars","league":"nfl","level":"major","conference":"AFC","division":"South","sport":"football","city":"Jacksonville","state":"FL","primaryColor":"#006778","secondaryColor":"#9F792C"},
  {"id":"nfl-tennessee-titans","name":"Tennessee Titans","shortName":"Titans","mascot":"Titans","league":"nfl","level":"major","conference":"AFC","division":"South","sport":"football","city":"Nashville","state":"TN","primaryColor":"#0C2340","secondaryColor":"#4B92DB"},
  {"id":"nfl-denver-broncos","name":"Denver Broncos","shortName":"Broncos","mascot":"Broncos","league":"nfl","level":"major","conference":"AFC","division":"West","sport":"football","city":"Denver","state":"CO","primaryColor":"#FB4F14","secondaryColor":"#002244"},
  {"id":"nfl-kansas-city-chiefs","name":"Kansas City Chiefs","shortName":"Chiefs","mascot":"Chiefs","league":"nfl","level":"major","conference":"AFC","division":"West","sport":"football","city":"Kansas City","state":"MO","primaryColor":"#E31837","secondaryColor":"#FFB81C"},
  {"id":"nfl-las-vegas-raiders","name":"Las Vegas Raiders","shortName":"Raiders","mascot":"Raiders","league":"nfl","level":"major","conference":"AFC","division":"West","sport":"football","city":"Las Vegas","state":"NV","primaryColor":"#000000","secondaryColor":"#A5ACAF"},
  {"id":"nfl-los-angeles-chargers","name":"Los Angeles Chargers","shortName":"Chargers","mascot":"Chargers","league":"nfl","level":"major","conference":"AFC","division":"West","sport":"football","city":"Inglewood","state":"CA","primaryColor":"#0080C6","secondaryColor":"#FFC20E"},
  {"id":"nfl-dallas-cowboys","name":"Dallas Cowboys","shortName":"Cowboys","mascot":"Cowboys","league":"nfl","level":"major","conference":"NFC","division":"East","sport":"football","city":"Arlington","state":"TX","primaryColor":"#003594","secondaryColor":"#869397"},
  {"id":"nfl-new-york-giants","name":"New York Giants","shortName":"Giants","mascot":"Giants","league":"nfl","level":"major","conference":"NFC","division":"East","sport":"football","city":"East Rutherford","state":"NJ","primaryColor":"#0B2265","secondaryColor":"#A71930"},
  {"id":"nfl-philadelphia-eagles","name":"Philadelphia Eagles","shortName":"Eagles","mascot":"Eagles","league":"nfl","level":"major","conference":"NFC","division":"East","sport":"football","city":"Philadelphia","state":"PA","primaryColor":"#004C54","secondaryColor":"#A5ACAF"},
  {"id":"nfl-washington-commanders","name":"Washington Commanders","shortName":"Commanders","mascot":"Commanders","league":"nfl","level":"major","conference":"NFC","division":"East","sport":"football","city":"Landover","state":"MD","primaryColor":"#5A1414","secondaryColor":"#FFB612"},
  {"id":"nfl-chicago-bears","name":"Chicago Bears","shortName":"Bears","mascot":"Bears","league":"nfl","level":"major","conference":"NFC","division":"North","sport":"football","city":"Chicago","state":"IL","primaryColor":"#0B162A","secondaryColor":"#C83803"},
  {"id":"nfl-detroit-lions","name":"Detroit Lions","shortName":"Lions","mascot":"Lions","league":"nfl","level":"major","conference":"NFC","division":"North","sport":"football","city":"Detroit","state":"MI","primaryColor":"#0076B6","secondaryColor":"#B0B7BC"},
  {"id":"nfl-green-bay-packers","name":"Green Bay Packers","shortName":"Packers","mascot":"Packers","league":"nfl","level":"major","conference":"NFC","division":"North","sport":"football","city":"Green Bay","state":"WI","primaryColor":"#203731","secondaryColor":"#FFB612"},
  {"id":"nfl-minnesota-vikings","name":"Minnesota Vikings","shortName":"Vikings","mascot":"Vikings","league":"nfl","level":"major","conference":"NFC","division":"North","sport":"football","city":"Minneapolis","state":"MN","primaryColor":"#4F2683","secondaryColor":"#FFC62F"},
  {"id":"nfl-atlanta-falcons","name":"Atlanta Falcons","shortName":"Falcons","mascot":"Falcons","league":"nfl","level":"major","conference":"NFC","division":"South","sport":"football","city":"Atlanta","state":"GA","primaryColor":"#A71930","secondaryColor":"#000000"},
  {"id":"nfl-carolina-panthers","name":"Carolina Panthers","shortName":"Panthers","mascot":"Panthers","league":"nfl","level":"major","conference":"NFC","division":"South","sport":"football","city":"Charlotte","state":"NC","primaryColor":"#0085CA","secondaryColor":"#101820"},
  {"id":"nfl-new-orleans-saints","name":"New Orleans Saints","shortName":"Saints","mascot":"Saints","league":"nfl","level":"major","conference":"NFC","division":"South","sport":"football","city":"New Orleans","state":"LA","primaryColor":"#D3BC8D","secondaryColor":"#101820"},
  {"id":"nfl-tampa-bay-buccaneers","name":"Tampa Bay Buccaneers","shortName":"Bucs","mascot":"Buccaneers","league":"nfl","level":"major","conference":"NFC","division":"South","sport":"football","city":"Tampa","state":"FL","primaryColor":"#D50A0A","secondaryColor":"#34302B"},
  {"id":"nfl-arizona-cardinals","name":"Arizona Cardinals","shortName":"Cardinals","mascot":"Cardinals","league":"nfl","level":"major","conference":"NFC","division":"West","sport":"football","city":"Glendale","state":"AZ","primaryColor":"#97233F","secondaryColor":"#000000"},
  {"id":"nfl-los-angeles-rams","name":"Los Angeles Rams","shortName":"Rams","mascot":"Rams","league":"nfl","level":"major","conference":"NFC","division":"West","sport":"football","city":"Inglewood","state":"CA","primaryColor":"#003594","secondaryColor":"#FFA300"},
  {"id":"nfl-san-francisco-49ers","name":"San Francisco 49ers","shortName":"49ers","mascot":"49ers","league":"nfl","level":"major","conference":"NFC","division":"West","sport":"football","city":"Santa Clara","state":"CA","primaryColor":"#AA0000","secondaryColor":"#B3995D"},
  {"id":"nfl-seattle-seahawks","name":"Seattle Seahawks","shortName":"Seahawks","mascot":"Seahawks","league":"nfl","level":"major","conference":"NFC","division":"West","sport":"football","city":"Seattle","state":"WA","primaryColor":"#002244","secondaryColor":"#69BE28"},

  {"id":"mlb-baltimore-orioles","name":"Baltimore Orioles","shortName":"Orioles","mascot":"Orioles","league":"mlb","level":"major","conference":"AL","division":"East","sport":"baseball","city":"Baltimore","state":"MD","primaryColor":"#DF4601","secondaryColor":"#000000"},
  {"id":"mlb-boston-red-sox","name":"Boston Red Sox","shortName":"Red Sox","mascot":"Red Sox","league":"mlb","level":"major","conference":"AL","division":"East","sport":"baseball","city":"Boston","state":"MA","primaryColor":"#BD3039","secondaryColor":"#0C2340"},
  {"id":"mlb-new-york-yankees","name":"New York Yankees","shortName":"Yankees","mascot":"Yankees","league":"mlb","level":"major","conference":"AL","division":"East","sport":"baseball","city":"Bronx","state":"NY","primaryColor":"#003087","secondaryColor":"#E4002C"},
  {"id":"mlb-tampa-bay-rays","name":"Tampa Bay Rays","shortName":"Rays","mascot":"Rays","league":"mlb","level":"major","conference":"AL","division":"East","sport":"baseball","city":"St. Petersburg","state":"FL","primaryColor":"#092C5C","secondaryColor":"#8FBCE6"},
  {"id":"mlb-toronto-blue-jays","name":"Toronto Blue Jays","shortName":"Blue Jays","mascot":"Blue Jays","league":"mlb","level":"major","conference":"AL","division":"East","sport":"baseball","city":"Toronto","state":"ON","primaryColor":"#134A8E","secondaryColor":"#1D2D5C"},
  {"id":"mlb-chicago-white-sox","name":"Chicago White Sox","shortName":"White Sox","mascot":"White Sox","league":"mlb","level":"major","conference":"AL","division":"Central","sport":"baseball","city":"Chicago","state":"IL","primaryColor":"#27251F","secondaryColor":"#C4CED4"},
  {"id":"mlb-cleveland-guardians","name":"Cleveland Guardians","shortName":"Guardians","mascot":"Guardians","league":"mlb","level":"major","conference":"AL","division":"Central","sport":"baseball","city":"Cleveland","state":"OH","primaryColor":"#00385D","secondaryColor":"#E50022"},
  {"id":"mlb-detroit-tigers","name":"Detroit Tigers","shortName":"Tigers","mascot":"Tigers","league":"mlb","level":"major","conference":"AL","division":"Central","sport":"baseball","city":"Detroit","state":"MI","primaryColor":"#0C2340","secondaryColor":"#FA4616"},
  {"id":"mlb-kansas-city-royals","name":"Kansas City Royals","shortName":"Royals","mascot":"Royals","league":"mlb","level":"major","conference":"AL","division":"Central","sport":"baseball","city":"Kansas City","state":"MO","primaryColor":"#004687","secondaryColor":"#BD9B60"},
  {"id":"mlb-minnesota-twins","name":"Minnesota Twins","shortName":"Twins","mascot":"Twins","league":"mlb","level":"major","conference":"AL","division":"Central","sport":"baseball","city":"Minneapolis","state":"MN","primaryColor":"#002B5C","secondaryColor":"#D31145"},
  {"id":"mlb-houston-astros","name":"Houston Astros","shortName":"Astros","mascot":"Astros","league":"mlb","level":"major","conference":"AL","division":"West","sport":"baseball","city":"Houston","state":"TX","primaryColor":"#002D62","secondaryColor":"#EB6E1F"},
  {"id":"mlb-los-angeles-angels","name":"Los Angeles Angels","shortName":"Angels","mascot":"Angels","league":"mlb","level":"major","conference":"AL","division":"West","sport":"baseball","city":"Anaheim","state":"CA","primaryColor":"#BA0021","secondaryColor":"#003263"},
  {"id":"mlb-oakland-athletics","name":"Oakland Athletics","shortName":"Athletics","mascot":"Athletics","league":"mlb","level":"major","conference":"AL","division":"West","sport":"baseball","city":"Sacramento","state":"CA","primaryColor":"#003831","secondaryColor":"#EFB21E"},
  {"id":"mlb-seattle-mariners","name":"Seattle Mariners","shortName":"Mariners","mascot":"Mariners","league":"mlb","level":"major","conference":"AL","division":"West","sport":"baseball","city":"Seattle","state":"WA","primaryColor":"#0C2C56","secondaryColor":"#005C5C"},
  {"id":"mlb-texas-rangers","name":"Texas Rangers","shortName":"Rangers","mascot":"Rangers","league":"mlb","level":"major","conference":"AL","division":"West","sport":"baseball","city":"Arlington","state":"TX","primaryColor":"#003278","secondaryColor":"#C0111F"},
  {"id":"mlb-atlanta-braves","name":"Atlanta Braves","shortName":"Braves","mascot":"Braves","league":"mlb","level":"major","conference":"NL","division":"East","sport":"baseball","city":"Atlanta","state":"GA","primaryColor":"#CE1141","secondaryColor":"#13274F"},
  {"id":"mlb-miami-marlins","name":"Miami Marlins","shortName":"Marlins","mascot":"Marlins","league":"mlb","level":"major","conference":"NL","division":"East","sport":"baseball","city":"Miami","state":"FL","primaryColor":"#00A3E0","secondaryColor":"#EF3340"},
  {"id":"mlb-new-york-mets","name":"New York Mets","shortName":"Mets","mascot":"Mets","league":"mlb","level":"major","conference":"NL","division":"East","sport":"baseball","city":"Queens","state":"NY","primaryColor":"#002D72","secondaryColor":"#FF5910"},
  {"id":"mlb-philadelphia-phillies","name":"Philadelphia Phillies","shortName":"Phillies","mascot":"Phillies","league":"mlb","level":"major","conference":"NL","division":"East","sport":"baseball","city":"Philadelphia","state":"PA","primaryColor":"#E81828","secondaryColor":"#002D72"},
  {"id":"mlb-washington-nationals","name":"Washington Nationals","shortName":"Nationals","mascot":"Nationals","league":"mlb","level":"major","conference":"NL","division":"East","sport":"baseball","city":"Washington","state":"DC","primaryColor":"#AB0003","secondaryColor":"#14225A"},
  {"id":"mlb-chicago-cubs","name":"Chicago Cubs","shortName":"Cubs","mascot":"Cubs","league":"mlb","level":"major","conference":"NL","division":"Central","sport":"baseball","city":"Chicago","state":"IL","primaryColor":"#0E3386","secondaryColor":"#CC3433"},
  {"id":"mlb-cincinnati-reds","name":"Cincinnati Reds","shortName":"Reds","mascot":"Reds","league":"mlb","level":"major","conference":"NL","division":"Central","sport":"baseball","city":"Cincinnati","state":"OH","primaryColor":"#C6011F","secondaryColor":"#000000"},
  {"id":"mlb-milwaukee-brewers","name":"Milwaukee Brewers","shortName":"Brewers","mascot":"Brewers","league":"mlb","level":"major","conference":"NL","division":"Central","sport":"baseball","city":"Milwaukee","state":"WI","primaryColor":"#FFC52F","secondaryColor":"#12284B"},
  {"id":"mlb-pittsburgh-pirates","name":"Pittsburgh Pirates","shortName":"Pirates","mascot":"Pirates","league":"mlb","level":"major","conference":"NL","division":"Central","sport":"baseball","city":"Pittsburgh","state":"PA","primaryColor":"#27251F","secondaryColor":"#FDB827"},
  {"id":"mlb-st-louis-cardinals","name":"St. Louis Cardinals","shortName":"Cardinals","mascot":"Cardinals","league":"mlb","level":"major","conference":"NL","division":"Central","sport":"baseball","city":"St. Louis","state":"MO","primaryColor":"#C41E3A","secondaryColor":"#0C2340"},
  {"id":"mlb-arizona-diamondbacks","name":"Arizona Diamondbacks","shortName":"D-backs","mascot":"Diamondbacks","league":"mlb","level":"major","conference":"NL","division":"West","sport":"baseball","city":"Phoenix","state":"AZ","primaryColor":"#A71930","secondaryColor":"#E3D4AD"},
  {"id":"mlb-colorado-rockies","name":"Colorado Rockies","shortName":"Rockies","mascot":"Rockies","league":"mlb","level":"major","conference":"NL","division":"West","sport":"baseball","city":"Denver","state":"CO","primaryColor":"#33006F","secondaryColor":"#C4CED4"},
  {"id":"mlb-los-angeles-dodgers","name":"Los Angeles Dodgers","shortName":"Dodgers","mascot":"Dodgers","league":"mlb","level":"major","conference":"NL","division":"West","sport":"baseball","city":"Los Angeles","state":"CA","primaryColor":"#005A9C","secondaryColor":"#EF3E42"},
  {"id":"mlb-san-diego-padres","name":"San Diego Padres","shortName":"Padres","mascot":"Padres","league":"mlb","level":"major","conference":"NL","division":"West","sport":"baseball","city":"San Diego","state":"CA","primaryColor":"#2F241D","secondaryColor":"#FFC425"},
  {"id":"mlb-san-francisco-giants","name":"San Francisco Giants","shortName":"Giants","mascot":"Giants","league":"mlb","level":"major","conference":"NL","division":"West","sport":"baseball","city":"San Francisco","state":"CA","primaryColor":"#FD5A1E","secondaryColor":"#27251F"},

  {"id":"nhl-boston-bruins","name":"Boston Bruins","shortName":"Bruins","mascot":"Bruins","league":"nhl","level":"major","conference":"Eastern","division":"Atlantic","sport":"hockey","city":"Boston","state":"MA","primaryColor":"#FFB81C","secondaryColor":"#000000"},
  {"id":"nhl-buffalo-sabres","name":"Buffalo Sabres","shortName":"Sabres","mascot":"Sabres","league":"nhl","level":"major","conference":"Eastern","division":"Atlantic","sport":"hockey","city":"Buffalo","state":"NY","primaryColor":"#002654","secondaryColor":"#FCB514"},
  {"id":"nhl-detroit-red-wings","name":"Detroit Red Wings","shortName":"Red Wings","mascot":"Red Wings","league":"nhl","level":"major","conference":"Eastern","division":"Atlantic","sport":"hockey","city":"Detroit","state":"MI","primaryColor":"#CE1126","secondaryColor":"#FFFFFF"},
  {"id":"nhl-florida-panthers","name":"Florida Panthers","shortName":"Panthers","mascot":"Panthers","league":"nhl","level":"major","conference":"Eastern","division":"Atlantic","sport":"hockey","city":"Sunrise","state":"FL","primaryColor":"#041E42","secondaryColor":"#C8102E"},
  {"id":"nhl-montreal-canadiens","name":"Montreal Canadiens","shortName":"Canadiens","mascot":"Canadiens","league":"nhl","level":"major","conference":"Eastern","division":"Atlantic","sport":"hockey","city":"Montreal","state":"QC","primaryColor":"#AF1E2D","secondaryColor":"#192168"},
  {"id":"nhl-ottawa-senators","name":"Ottawa Senators","shortName":"Senators","mascot":"Senators","league":"nhl","level":"major","conference":"Eastern","division":"Atlantic","sport":"hockey","city":"Ottawa","state":"ON","primaryColor":"#C52032","secondaryColor":"#C2912C"},
  {"id":"nhl-tampa-bay-lightning","name":"Tampa Bay Lightning","shortName":"Lightning","mascot":"Lightning","league":"nhl","level":"major","conference":"Eastern","division":"Atlantic","sport":"hockey","city":"Tampa","state":"FL","primaryColor":"#002868","secondaryColor":"#FFFFFF"},
  {"id":"nhl-toronto-maple-leafs","name":"Toronto Maple Leafs","shortName":"Maple Leafs","mascot":"Maple Leafs","league":"nhl","level":"major","conference":"Eastern","division":"Atlantic","sport":"hockey","city":"Toronto","state":"ON","primaryColor":"#00205B","secondaryColor":"#FFFFFF"},
  {"id":"nhl-carolina-hurricanes","name":"Carolina Hurricanes","shortName":"Hurricanes","mascot":"Hurricanes","league":"nhl","level":"major","conference":"Eastern","division":"Metropolitan","sport":"hockey","city":"Raleigh","state":"NC","primaryColor":"#CC0000","secondaryColor":"#000000"},
  {"id":"nhl-columbus-blue-jackets","name":"Columbus Blue Jackets","shortName":"Blue Jackets","mascot":"Blue Jackets","league":"nhl","level":"major","conference":"Eastern","division":"Metropolitan","sport":"hockey","city":"Columbus","state":"OH","primaryColor":"#002654","secondaryColor":"#CE1126"},
  {"id":"nhl-new-jersey-devils","name":"New Jersey Devils","shortName":"Devils","mascot":"Devils","league":"nhl","level":"major","conference":"Eastern","division":"Metropolitan","sport":"hockey","city":"Newark","state":"NJ","primaryColor":"#CE1126","secondaryColor":"#000000"},
  {"id":"nhl-new-york-islanders","name":"New York Islanders","shortName":"Islanders","mascot":"Islanders","league":"nhl","level":"major","conference":"Eastern","division":"Metropolitan","sport":"hockey","city":"Elmont","state":"NY","primaryColor":"#00539B","secondaryColor":"#F47D30"},
  {"id":"nhl-new-york-rangers","name":"New York Rangers","shortName":"Rangers","mascot":"Rangers","league":"nhl","level":"major","conference":"Eastern","division":"Metropolitan","sport":"hockey","city":"New York","state":"NY","primaryColor":"#0038A8","secondaryColor":"#CE1126"},
  {"id":"nhl-philadelphia-flyers","name":"Philadelphia Flyers","shortName":"Flyers","mascot":"Flyers","league":"nhl","level":"major","conference":"Eastern","division":"Metropolitan","sport":"hockey","city":"Philadelphia","state":"PA","primaryColor":"#F74902","secondaryColor":"#000000"},
  {"id":"nhl-pittsburgh-penguins","name":"Pittsburgh Penguins","shortName":"Penguins","mascot":"Penguins","league":"nhl","level":"major","conference":"Eastern","division":"Metropolitan","sport":"hockey","city":"Pittsburgh","state":"PA","primaryColor":"#FCB514","secondaryColor":"#000000"},
  {"id":"nhl-washington-capitals","name":"Washington Capitals","shortName":"Capitals","mascot":"Capitals","league":"nhl","level":"major","conference":"Eastern","division":"Metropolitan","sport":"hockey","city":"Washington","state":"DC","primaryColor":"#C8102E","secondaryColor":"#041E42"},
  {"id":"nhl-chicago-blackhawks","name":"Chicago Blackhawks","shortName":"Blackhawks","mascot":"Blackhawks","league":"nhl","level":"major","conference":"Western","division":"Central","sport":"hockey","city":"Chicago","state":"IL","primaryColor":"#CF0A2C","secondaryColor":"#000000"},
  {"id":"nhl-colorado-avalanche","name":"Colorado Avalanche","shortName":"Avalanche","mascot":"Avalanche","league":"nhl","level":"major","conference":"Western","division":"Central","sport":"hockey","city":"Denver","state":"CO","primaryColor":"#6F263D","secondaryColor":"#236192"},
  {"id":"nhl-dallas-stars","name":"Dallas Stars","shortName":"Stars","mascot":"Stars","league":"nhl","level":"major","conference":"Western","division":"Central","sport":"hockey","city":"Dallas","state":"TX","primaryColor":"#006847","secondaryColor":"#8F8F8C"},
  {"id":"nhl-minnesota-wild","name":"Minnesota Wild","shortName":"Wild","mascot":"Wild","league":"nhl","level":"major","conference":"Western","division":"Central","sport":"hockey","city":"St. Paul","state":"MN","primaryColor":"#154734","secondaryColor":"#A6192E"},
  {"id":"nhl-nashville-predators","name":"Nashville Predators","shortName":"Predators","mascot":"Predators","league":"nhl","level":"major","conference":"Western","division":"Central","sport":"hockey","city":"Nashville","state":"TN","primaryColor":"#FFB81C","secondaryColor":"#041E42"},
  {"id":"nhl-st-louis-blues","name":"St. Louis Blues","shortName":"Blues","mascot":"Blues","league":"nhl","level":"major","conference":"Western","division":"Central","sport":"hockey","city":"St. Louis","state":"MO","primaryColor":"#002F87","secondaryColor":"#FCB514"},
  {"id":"nhl-utah-hockey-club","name":"Utah Hockey Club","shortName":"Utah HC","mascot":"Hockey Club","league":"nhl","level":"major","conference":"Western","division":"Central","sport":"hockey","city":"Salt Lake City","state":"UT","primaryColor":"#000000","secondaryColor":"#69B3E7"},
  {"id":"nhl-winnipeg-jets","name":"Winnipeg Jets","shortName":"Jets","mascot":"Jets","league":"nhl","level":"major","conference":"Western","division":"Central","sport":"hockey","city":"Winnipeg","state":"MB","primaryColor":"#041E42","secondaryColor":"#004C97"},
  {"id":"nhl-anaheim-ducks","name":"Anaheim Ducks","shortName":"Ducks","mascot":"Ducks","league":"nhl","level":"major","conference":"Western","division":"Pacific","sport":"hockey","city":"Anaheim","state":"CA","primaryColor":"#F47A38","secondaryColor":"#B9975B"},
  {"id":"nhl-calgary-flames","name":"Calgary Flames","shortName":"Flames","mascot":"Flames","league":"nhl","level":"major","conference":"Western","division":"Pacific","sport":"hockey","city":"Calgary","state":"AB","primaryColor":"#C8102E","secondaryColor":"#F1BE48"},
  {"id":"nhl-edmonton-oilers","name":"Edmonton Oilers","shortName":"Oilers","mascot":"Oilers","league":"nhl","level":"major","conference":"Western","division":"Pacific","sport":"hockey","city":"Edmonton","state":"AB","primaryColor":"#041E42","secondaryColor":"#FF4C00"},
  {"id":"nhl-los-angeles-kings","name":"Los Angeles Kings","shortName":"Kings","mascot":"Kings","league":"nhl","level":"major","conference":"Western","division":"Pacific","sport":"hockey","city":"Los Angeles","state":"CA","primaryColor":"#111111","secondaryColor":"#A2AAAD"},
  {"id":"nhl-san-jose-sharks","name":"San Jose Sharks","shortName":"Sharks","mascot":"Sharks","league":"nhl","level":"major","conference":"Western","division":"Pacific","sport":"hockey","city":"San Jose","state":"CA","primaryColor":"#006D75","secondaryColor":"#EA7200"},
  {"id":"nhl-seattle-kraken","name":"Seattle Kraken","shortName":"Kraken","mascot":"Kraken","league":"nhl","level":"major","conference":"Western","division":"Pacific","sport":"hockey","city":"Seattle","state":"WA","primaryColor":"#001628","secondaryColor":"#99D9D9"},
  {"id":"nhl-vancouver-canucks","name":"Vancouver Canucks","shortName":"Canucks","mascot":"Canucks","league":"nhl","level":"major","conference":"Western","division":"Pacific","sport":"hockey","city":"Vancouver","state":"BC","primaryColor":"#00205B","secondaryColor":"#00843D"},
  {"id":"nhl-vegas-golden-knights","name":"Vegas Golden Knights","shortName":"Golden Knights","mascot":"Golden Knights","league":"nhl","level":"major","conference":"Western","division":"Pacific","sport":"hockey","city":"Las Vegas","state":"NV","primaryColor":"#B4975A","secondaryColor":"#333F48"},

  {"id":"mls-atlanta-united","name":"Atlanta United FC","shortName":"Atlanta Utd","mascot":"United","league":"mls","level":"major","conference":"Eastern","division":"Eastern","sport":"soccer","city":"Atlanta","state":"GA","primaryColor":"#80000A","secondaryColor":"#221F1F"},
  {"id":"mls-charlotte-fc","name":"Charlotte FC","shortName":"Charlotte","mascot":"FC","league":"mls","level":"major","conference":"Eastern","division":"Eastern","sport":"soccer","city":"Charlotte","state":"NC","primaryColor":"#1A85C8","secondaryColor":"#000000"},
  {"id":"mls-chicago-fire","name":"Chicago Fire FC","shortName":"Chicago","mascot":"Fire","league":"mls","level":"major","conference":"Eastern","division":"Eastern","sport":"soccer","city":"Chicago","state":"IL","primaryColor":"#FF0000","secondaryColor":"#0A174A"},
  {"id":"mls-fc-cincinnati","name":"FC Cincinnati","shortName":"FC Cincy","mascot":"FC Cincinnati","league":"mls","level":"major","conference":"Eastern","division":"Eastern","sport":"soccer","city":"Cincinnati","state":"OH","primaryColor":"#003087","secondaryColor":"#FE5000"},
  {"id":"mls-columbus-crew","name":"Columbus Crew","shortName":"Crew","mascot":"Crew","league":"mls","level":"major","conference":"Eastern","division":"Eastern","sport":"soccer","city":"Columbus","state":"OH","primaryColor":"#000000","secondaryColor":"#FEDD00"},
  {"id":"mls-dc-united","name":"D.C. United","shortName":"DC United","mascot":"United","league":"mls","level":"major","conference":"Eastern","division":"Eastern","sport":"soccer","city":"Washington","state":"DC","primaryColor":"#000000","secondaryColor":"#EF3E42"},
  {"id":"mls-inter-miami","name":"Inter Miami CF","shortName":"Inter Miami","mascot":"Inter Miami","league":"mls","level":"major","conference":"Eastern","division":"Eastern","sport":"soccer","city":"Fort Lauderdale","state":"FL","primaryColor":"#F7B5CD","secondaryColor":"#231F20"},
  {"id":"mls-cf-montreal","name":"CF Montréal","shortName":"Montréal","mascot":"CF Montréal","league":"mls","level":"major","conference":"Eastern","division":"Eastern","sport":"soccer","city":"Montreal","state":"QC","primaryColor":"#000000","secondaryColor":"#0033A1"},
  {"id":"mls-nashville-sc","name":"Nashville SC","shortName":"Nashville","mascot":"SC","league":"mls","level":"major","conference":"Eastern","division":"Eastern","sport":"soccer","city":"Nashville","state":"TN","primaryColor":"#ECE83A","secondaryColor":"#1F1646"},
  {"id":"mls-new-england-revolution","name":"New England Revolution","shortName":"Revolution","mascot":"Revolution","league":"mls","level":"major","conference":"Eastern","division":"Eastern","sport":"soccer","city":"Foxborough","state":"MA","primaryColor":"#0A2240","secondaryColor":"#CE0E2D"},
  {"id":"mls-new-york-city-fc","name":"New York City FC","shortName":"NYCFC","mascot":"NYCFC","league":"mls","level":"major","conference":"Eastern","division":"Eastern","sport":"soccer","city":"New York","state":"NY","primaryColor":"#6CACE4","secondaryColor":"#041E42"},
  {"id":"mls-new-york-red-bulls","name":"New York Red Bulls","shortName":"Red Bulls","mascot":"Red Bulls","league":"mls","level":"major","conference":"Eastern","division":"Eastern","sport":"soccer","city":"Harrison","state":"NJ","primaryColor":"#ED1E36","secondaryColor":"#27251F"},
  {"id":"mls-orlando-city","name":"Orlando City SC","shortName":"Orlando","mascot":"Orlando City","league":"mls","level":"major","conference":"Eastern","division":"Eastern","sport":"soccer","city":"Orlando","state":"FL","primaryColor":"#633492","secondaryColor":"#000000"},
  {"id":"mls-philadelphia-union","name":"Philadelphia Union","shortName":"Union","mascot":"Union","league":"mls","level":"major","conference":"Eastern","division":"Eastern","sport":"soccer","city":"Chester","state":"PA","primaryColor":"#071B2C","secondaryColor":"#B08D57"},
  {"id":"mls-toronto-fc","name":"Toronto FC","shortName":"Toronto","mascot":"FC","league":"mls","level":"major","conference":"Eastern","division":"Eastern","sport":"soccer","city":"Toronto","state":"ON","primaryColor":"#E31937","secondaryColor":"#B81137"},
  {"id":"mls-austin-fc","name":"Austin FC","shortName":"Austin","mascot":"FC","league":"mls","level":"major","conference":"Western","division":"Western","sport":"soccer","city":"Austin","state":"TX","primaryColor":"#00B140","secondaryColor":"#000000"},
  {"id":"mls-colorado-rapids","name":"Colorado Rapids","shortName":"Rapids","mascot":"Rapids","league":"mls","level":"major","conference":"Western","division":"Western","sport":"soccer","city":"Commerce City","state":"CO","primaryColor":"#862633","secondaryColor":"#8BB8E8"},
  {"id":"mls-fc-dallas","name":"FC Dallas","shortName":"FC Dallas","mascot":"FC Dallas","league":"mls","level":"major","conference":"Western","division":"Western","sport":"soccer","city":"Frisco","state":"TX","primaryColor":"#E81F3E","secondaryColor":"#2A4076"},
  {"id":"mls-houston-dynamo","name":"Houston Dynamo FC","shortName":"Dynamo","mascot":"Dynamo","league":"mls","level":"major","conference":"Western","division":"Western","sport":"soccer","city":"Houston","state":"TX","primaryColor":"#F68712","secondaryColor":"#101820"},
  {"id":"mls-la-galaxy","name":"LA Galaxy","shortName":"Galaxy","mascot":"Galaxy","league":"mls","level":"major","conference":"Western","division":"Western","sport":"soccer","city":"Carson","state":"CA","primaryColor":"#00245D","secondaryColor":"#FFD200"},
  {"id":"mls-lafc","name":"Los Angeles FC","shortName":"LAFC","mascot":"LAFC","league":"mls","level":"major","conference":"Western","division":"Western","sport":"soccer","city":"Los Angeles","state":"CA","primaryColor":"#000000","secondaryColor":"#C39E6D"},
  {"id":"mls-minnesota-united","name":"Minnesota United FC","shortName":"Minn Utd","mascot":"United","league":"mls","level":"major","conference":"Western","division":"Western","sport":"soccer","city":"St. Paul","state":"MN","primaryColor":"#E4E5E6","secondaryColor":"#231F20"},
  {"id":"mls-portland-timbers","name":"Portland Timbers","shortName":"Timbers","mascot":"Timbers","league":"mls","level":"major","conference":"Western","division":"Western","sport":"soccer","city":"Portland","state":"OR","primaryColor":"#004812","secondaryColor":"#EBE72B"},
  {"id":"mls-real-salt-lake","name":"Real Salt Lake","shortName":"RSL","mascot":"Real Salt Lake","league":"mls","level":"major","conference":"Western","division":"Western","sport":"soccer","city":"Sandy","state":"UT","primaryColor":"#B30838","secondaryColor":"#013A81"},
  {"id":"mls-san-jose-earthquakes","name":"San Jose Earthquakes","shortName":"Earthquakes","mascot":"Earthquakes","league":"mls","level":"major","conference":"Western","division":"Western","sport":"soccer","city":"San Jose","state":"CA","primaryColor":"#0067B1","secondaryColor":"#000000"},
  {"id":"mls-seattle-sounders","name":"Seattle Sounders FC","shortName":"Sounders","mascot":"Sounders","league":"mls","level":"major","conference":"Western","division":"Western","sport":"soccer","city":"Seattle","state":"WA","primaryColor":"#005695","secondaryColor":"#658D1B"},
  {"id":"mls-sporting-kc","name":"Sporting Kansas City","shortName":"Sporting KC","mascot":"Sporting","league":"mls","level":"major","conference":"Western","division":"Western","sport":"soccer","city":"Kansas City","state":"KS","primaryColor":"#002F65","secondaryColor":"#91B0D5"},
  {"id":"mls-st-louis-city","name":"St. Louis City SC","shortName":"STL City","mascot":"City SC","league":"mls","level":"major","conference":"Western","division":"Western","sport":"soccer","city":"St. Louis","state":"MO","primaryColor":"#D22630","secondaryColor":"#0A1E3F"},
  {"id":"mls-vancouver-whitecaps","name":"Vancouver Whitecaps FC","shortName":"Whitecaps","mascot":"Whitecaps","league":"mls","level":"major","conference":"Western","division":"Western","sport":"soccer","city":"Vancouver","state":"BC","primaryColor":"#00245E","secondaryColor":"#9DC2EA"},

  {"id":"uwsl-angel-city","name":"Angel City FC","shortName":"Angel City","mascot":"Angel City","league":"uwsl","level":"major","conference":"","division":"","sport":"soccer","city":"Los Angeles","state":"CA","primaryColor":"#F5A3B7","secondaryColor":"#000000"},
  {"id":"uwsl-chicago-stars","name":"Chicago Stars","shortName":"Stars","mascot":"Stars","league":"uwsl","level":"major","conference":"","division":"","sport":"soccer","city":"Chicago","state":"IL","primaryColor":"#CF0032","secondaryColor":"#041E42"},
  {"id":"uwsl-gotham-fc","name":"NJ/NY Gotham FC","shortName":"Gotham","mascot":"Gotham","league":"uwsl","level":"major","conference":"","division":"","sport":"soccer","city":"Harrison","state":"NJ","primaryColor":"#041E42","secondaryColor":"#6ECEB2"},
  {"id":"uwsl-houston-dash","name":"Houston Dash","shortName":"Dash","mascot":"Dash","league":"uwsl","level":"major","conference":"","division":"","sport":"soccer","city":"Houston","state":"TX","primaryColor":"#F4611E","secondaryColor":"#3CDBC0"},
  {"id":"uwsl-kc-current","name":"Kansas City Current","shortName":"Current","mascot":"Current","league":"uwsl","level":"major","conference":"","division":"","sport":"soccer","city":"Kansas City","state":"MO","primaryColor":"#D40E47","secondaryColor":"#0C1F32"},
  {"id":"uwsl-nc-courage","name":"North Carolina Courage","shortName":"Courage","mascot":"Courage","league":"uwsl","level":"major","conference":"","division":"","sport":"soccer","city":"Cary","state":"NC","primaryColor":"#003DA5","secondaryColor":"#CE0037"},
  {"id":"uwsl-ol-reign","name":"OL Reign","shortName":"Reign","mascot":"Reign","league":"uwsl","level":"major","conference":"","division":"","sport":"soccer","city":"Seattle","state":"WA","primaryColor":"#002B5C","secondaryColor":"#C39953"},
  {"id":"uwsl-orlando-pride","name":"Orlando Pride","shortName":"Pride","mascot":"Pride","league":"uwsl","level":"major","conference":"","division":"","sport":"soccer","city":"Orlando","state":"FL","primaryColor":"#623B93","secondaryColor":"#FEDD00"},
  {"id":"uwsl-portland-thorns","name":"Portland Thorns FC","shortName":"Thorns","mascot":"Thorns","league":"uwsl","level":"major","conference":"","division":"","sport":"soccer","city":"Portland","state":"OR","primaryColor":"#B30031","secondaryColor":"#004236"},
  {"id":"uwsl-racing-louisville","name":"Racing Louisville FC","shortName":"Racing Lou","mascot":"Racing","league":"uwsl","level":"major","conference":"","division":"","sport":"soccer","city":"Louisville","state":"KY","primaryColor":"#734B9B","secondaryColor":"#FFD100"},
  {"id":"uwsl-san-diego-wave","name":"San Diego Wave FC","shortName":"Wave","mascot":"Wave","league":"uwsl","level":"major","conference":"","division":"","sport":"soccer","city":"San Diego","state":"CA","primaryColor":"#003D7D","secondaryColor":"#68C5ED"},
  {"id":"uwsl-washington-spirit","name":"Washington Spirit","shortName":"Spirit","mascot":"Spirit","league":"uwsl","level":"major","conference":"","division":"","sport":"soccer","city":"Washington","state":"DC","primaryColor":"#B31942","secondaryColor":"#002A5E"},
  {"id":"uwsl-bay-fc","name":"Bay FC","shortName":"Bay FC","mascot":"Bay FC","league":"uwsl","level":"major","conference":"","division":"","sport":"soccer","city":"San Francisco","state":"CA","primaryColor":"#FF5733","secondaryColor":"#000000"},
  {"id":"uwsl-utah-royals","name":"Utah Royals FC","shortName":"Royals","mascot":"Royals","league":"uwsl","level":"major","conference":"","division":"","sport":"soccer","city":"Sandy","state":"UT","primaryColor":"#FFB81C","secondaryColor":"#002244"}
]
